"id","chapter","clause_id/id","complete_name","info","name","position_excel"
"sga_hola_calidad_requirement_907_df709f9c","4_context","sga_hola_calidad_clause_123_cff6204e","Determinar las cuestiones externas e internas que son pertinentes para su propósito y que afectan su capacidad para lograr los objetivos previstos de su sistema de gestión ambiental.","","4.1.1","A15"
"sga_hola_calidad_requirement_908_bdec52b5","4_context","sga_hola_calidad_clause_123_cff6204e","Estas cuestiones incluyen las condiciones ambientales capaces de afectar o de verse afectadas por la organización.","","4.1.2","A16"
"sga_hola_calidad_requirement_4_1_3","4_context","sga_hola_calidad_clause_123_cff6204e","Considerar, cuando sea pertinente, factores como contaminación, disponibilidad de recursos naturales, cambio climático, biodiversidad y salud de los ecosistemas.","","4.1.3","A17"
"sga_hola_calidad_requirement_4_1_4","4_context","sga_hola_calidad_clause_123_cff6204e","Utilizar la información del contexto para planificar, implementar, mantener y mejorar el sistema de gestión ambiental.","","4.1.4","A18"

"sga_hola_calidad_requirement_909_3d35670f","4_context","sga_hola_calidad_clause_124_af2443a4","Determinar las partes interesadas pertinentes para el sistema de gestión ambiental.","","4.2.1","A21"
"sga_hola_calidad_requirement_910_36546791","4_context","sga_hola_calidad_clause_124_af2443a4","Determinar las necesidades y expectativas pertinentes de dichas partes interesadas.","","4.2.2","A22"
"sga_hola_calidad_requirement_911_81c33cff","4_context","sga_hola_calidad_clause_124_af2443a4","Determinar cuáles de estas necesidades y expectativas se convierten en obligaciones de compliance.","","4.2.3","A23"
"sga_hola_calidad_requirement_4_2_4","4_context","sga_hola_calidad_clause_124_af2443a4","Determinar cuáles obligaciones de compliance serán abordadas mediante el sistema de gestión ambiental.","","4.2.4","A24"
"sga_hola_calidad_requirement_4_2_5","4_context","sga_hola_calidad_clause_124_af2443a4","Considerar, cuando corresponda, necesidades y expectativas relacionadas con contaminación, recursos naturales, cambio climático, biodiversidad o ecosistemas.","","4.2.5","A25"

"sga_hola_calidad_requirement_912_e311b92d","4_context","sga_hola_calidad_clause_125_02395ff7","Determinar los límites y la aplicabilidad del sistema de gestión ambiental para establecer su alcance.","","4.3.1","A28"
"sga_hola_calidad_requirement_913_8c4c52c6","4_context","sga_hola_calidad_clause_125_02395ff7","Considerar las cuestiones externas e internas, las obligaciones de compliance, las unidades, funciones y límites físicos de la organización.","","4.3.2","A29"
"sga_hola_calidad_requirement_914_6c2e6b75","4_context","sga_hola_calidad_clause_125_02395ff7","Considerar las actividades, productos, servicios y la capacidad de ejercer control o influencia a lo largo de su ciclo de vida.","","4.3.3","A30"
"sga_hola_calidad_requirement_915_04de5da2","4_context","sga_hola_calidad_clause_125_02395ff7","Incluir dentro del sistema de gestión ambiental todas las actividades, productos y servicios que se encuentren dentro del alcance definido.","","4.3.4","A31"
"sga_hola_calidad_requirement_916_c9024016","4_context","sga_hola_calidad_clause_125_02395ff7","Mantener el alcance disponible como información documentada y ponerlo a disposición de las partes interesadas.","","4.3.5","A32"

"sga_hola_calidad_requirement_919_52b3ae1a","4_context","sga_hola_calidad_clause_126_08af1a91","Establecer, implementar, mantener y mejorar continuamente un sistema de gestión ambiental que incluya los procesos necesarios y sus interacciones.","",4.4.1,A35
"sga_hola_calidad_requirement_4_4_2","4_context","sga_hola_calidad_clause_126_08af1a91","Asegurar que el sistema de gestión ambiental permita lograr los resultados previstos, incluida la mejora del desempeño ambiental.","",4.4.2,A36
"sga_hola_calidad_requirement_4_4_3","4_context","sga_hola_calidad_clause_126_08af1a91","Considerar el conocimiento obtenido sobre el contexto y las partes interesadas al establecer y mantener el sistema de gestión ambiental.","",4.4.3,A32

"sga_hola_calidad_requirement_929_3435ac12","5_leadership","sga_hola_calidad_clause_127_ec3d1e8d","Asumir la rendición de cuentas por la eficacia del sistema de gestión ambiental y asegurar que logre sus resultados previstos.","","5.1.1","A41"
"sga_hola_calidad_requirement_930_529c1970","5_leadership","sga_hola_calidad_clause_127_ec3d1e8d","Asegurar que la política, los objetivos y los requisitos del sistema de gestión ambiental se integren con la dirección estratégica, el contexto y los procesos de negocio.","","5.1.2","A42"
"sga_hola_calidad_requirement_931_455e971f","5_leadership","sga_hola_calidad_clause_127_ec3d1e8d","Asegurar la disponibilidad de los recursos necesarios para el sistema de gestión ambiental.","","5.1.3","A43"
"sga_hola_calidad_requirement_932_cd27dcfd","5_leadership","sga_hola_calidad_clause_127_ec3d1e8d","Comunicar la importancia de la gestión ambiental, dirigir y apoyar a las personas, y promover la mejora continua.","","5.1.4","A44"



"sga_hola_calidad_requirement_938_96ac9b7a","5_leadership","sga_hola_calidad_clause_128_a3b36694","Establecer, implementar y mantener una política ambiental apropiada al propósito, contexto, actividades, productos, servicios e impactos ambientales de la organización.","","5.2.1","A47"
"sga_hola_calidad_requirement_939_fd62b7a6","5_leadership","sga_hola_calidad_clause_128_a3b36694","Proporcionar un marco de referencia para establecer los objetivos ambientales.","","5.2.2","A48"
"sga_hola_calidad_requirement_940_e0899301","5_leadership","sga_hola_calidad_clause_128_a3b36694","Incluir el compromiso de proteger el medio ambiente y prevenir la contaminación.","","5.2.3","A49"
"sga_hola_calidad_requirement_941_0a4a6d92","5_leadership","sga_hola_calidad_clause_128_a3b36694","Incluir compromisos ambientales pertinentes al contexto, como uso sostenible de recursos, mitigación y adaptación al cambio climático, biodiversidad o protección de ecosistemas, cuando corresponda.","","5.2.4","A50"
"sga_hola_calidad_requirement_942_33acb555","5_leadership","sga_hola_calidad_clause_128_a3b36694","Incluir los compromisos de cumplir las obligaciones de compliance y mejorar continuamente el sistema de gestión ambiental para mejorar el desempeño ambiental.","","5.2.5","A51"
"sga_hola_calidad_requirement_943_13e09b4d","5_leadership","sga_hola_calidad_clause_128_a3b36694","Mantener la política como información documentada, comunicarla internamente y ponerla a disposición de las partes interesadas.","","5.2.6","A52"


"sga_hola_calidad_requirement_946_96ac9b7a","5_leadership","sga_hola_calidad_clause_129_2f5abd1d","Asignar y comunicar las responsabilidades y autoridades necesarias para el sistema de gestión ambiental.","","5.3.1","A55"
"sga_hola_calidad_requirement_947_96ac9b7a","5_leadership","sga_hola_calidad_clause_129_2f5abd1d","Asignar responsabilidad y autoridad para asegurar la conformidad del sistema de gestión ambiental e informar a la alta dirección sobre el desempeño del sistema y el desempeño ambiental.","","5.3.2","A56"



"sga_hola_calidad_requirement_958_c9119d2f","6_planning","sga_hola_calidad_clause_145_a1b2c3d4","Establecer, implementar y mantener procesos para identificar aspectos ambientales, obligaciones de compliance, riesgos y oportunidades, y planificar las acciones correspondientes.","","6.1.1","A60"
"sga_hola_calidad_requirement_959_dd3f1637","6_planning","sga_hola_calidad_clause_145_a1b2c3d4","Mantener disponible la información documentada necesaria para demostrar que estos procesos se realizan según lo planificado.","","6.1.2","A61"
"sga_hola_calidad_requirement_960_b3b780a3","6_planning","sga_hola_calidad_clause_145_a1b2c3d4","Determinar los aspectos ambientales de sus actividades, productos y servicios que controla o puede influir, así como sus impactos ambientales asociados.","","6.1.3","A62"
"sga_hola_calidad_requirement_961_05447b96","6_planning","sga_hola_calidad_clause_145_a1b2c3d4","Considerar una perspectiva de ciclo de vida, incluyendo las etapas aplicables de adquisición, diseño, operación, transporte, uso, fin de vida y disposición final.","","6.1.4","A63"
"sga_hola_calidad_requirement_962_571e4d69","6_planning","sga_hola_calidad_clause_145_a1b2c3d4","Considerar condiciones normales, anormales, cambios, nuevos desarrollos, actividades nuevas o modificadas y situaciones de emergencia potenciales.","","6.1.5","A64"
"sga_hola_calidad_requirement_963_ac13aaf9","6_planning","sga_hola_calidad_clause_145_a1b2c3d4","Establecer criterios para determinar los aspectos ambientales significativos e identificar aquellos que tengan o puedan tener impactos significativos.","","6.1.6","A65"
"sga_hola_calidad_requirement_964_3c900ff2","6_planning","sga_hola_calidad_clause_145_a1b2c3d4","Comunicar los aspectos significativos y mantener disponible la información documentada sobre aspectos, impactos, criterios de significancia y aspectos significativos.","","6.1.7","A66"
"sga_hola_calidad_requirement_965_1f6210b4","6_planning","sga_hola_calidad_clause_145_a1b2c3d4","Determinar y tener acceso a las obligaciones de compliance relacionadas con sus aspectos ambientales.","","6.1.8","A67"
"sga_hola_calidad_requirement_966_2b3d7ebe","6_planning","sga_hola_calidad_clause_145_a1b2c3d4","Determinar cómo se aplican estas obligaciones a la organización.","","6.1.9","A68"
"sga_hola_calidad_requirement_967_6d931b01","6_planning","sga_hola_calidad_clause_145_a1b2c3d4","Considerar las obligaciones de compliance al establecer, implementar, mantener y mejorar el sistema de gestión ambiental, y mantenerlas disponibles como información documentada.","","6.1.10","A69"
"sga_hola_calidad_requirement_967_6d931b01","6_planning","sga_hola_calidad_clause_145_a1b2c3d4","Determinar los riesgos y oportunidades relacionados con los aspectos ambientales, obligaciones de compliance, contexto organizacional y requisitos de las partes interesadas.","","6.1.11","A70"
"sga_hola_calidad_requirement_967_6d931b01","6_planning","sga_hola_calidad_clause_145_a1b2c3d4","Considerar los efectos que pueden generar las condiciones ambientales externas sobre la organización, como cambio climático, disponibilidad de recursos, contaminación, biodiversidad o ecosistemas, cuando sea pertinente.","","6.1.12","A71"
"sga_hola_calidad_requirement_967_6d931b01","6_planning","sga_hola_calidad_clause_145_a1b2c3d4","Determinar los riesgos y oportunidades que deben abordarse para lograr los resultados previstos, prevenir efectos no deseados y lograr la mejora continua, manteniendo disponible la información documentada correspondiente.","","6.1.13","A72"
"sga_hola_calidad_requirement_967_6d931b01","6_planning","sga_hola_calidad_clause_145_a1b2c3d4","Las acciones para abordar aspectos ambientales significativos, obligaciones de compliance, riesgos y oportunidades.","","6.1.14","A73"
"sga_hola_calidad_requirement_967_6d931b01","6_planning","sga_hola_calidad_clause_145_a1b2c3d4","La forma de implementar o integrar estas acciones en los procesos del sistema de gestión ambiental y en otros procesos de negocio, cuando corresponda.","","6.1.15","A74"
"sga_hola_calidad_requirement_967_6d931b01","6_planning","sga_hola_calidad_clause_145_a1b2c3d4","La forma de evaluar la eficacia de las acciones, considerando opciones tecnológicas y requisitos financieros, operacionales y de negocio.","","6.1.16","A75"


"sga_hola_calidad_requirement_986_f8235dfd","6_planning","sga_hola_calidad_clause_149_e5f6a7b8","Establecer objetivos ambientales para las funciones y niveles pertinentes, considerando aspectos significativos, obligaciones de compliance, riesgos y oportunidades.","","6.2.1","A78"
"sga_hola_calidad_requirement_987_ddf1971a","6_planning","sga_hola_calidad_clause_149_e5f6a7b8","Asegurar que los objetivos sean coherentes con la política ambiental, medibles cuando sea viable, objeto de seguimiento, comunicados y actualizados cuando corresponda.","","6.2.2","A79"
"sga_hola_calidad_requirement_988_4bcd4b9e","6_planning","sga_hola_calidad_clause_149_e5f6a7b8","Mantener los objetivos ambientales disponibles como información documentada.","","6.2.3","A80"
"sga_hola_calidad_requirement_989_8e7dd668","6_planning","sga_hola_calidad_clause_149_e5f6a7b8","Qué se hará, qué recursos se requerirán, quién será responsable y cuándo se finalizarán las acciones para lograr los objetivos ambientales.","","6.2.4","A81"
"sga_hola_calidad_requirement_990_2179f777","6_planning","sga_hola_calidad_clause_149_e5f6a7b8","Cómo se evaluarán los resultados, incluidos los indicadores de seguimiento, y cómo se integrarán las acciones en los procesos de negocio.","","6.2.5","A82"

"sga_hola_calidad_requirement_993_92452dd4","6_planning","sga_hola_calidad_clause_151_a7b8c9d0","Gestionar de manera planificada los cambios que afectan o pueden afectar al sistema de gestión ambiental.","","6.3.1","A85"
"sga_hola_calidad_requirement_994_4c9917cb","6_planning","sga_hola_calidad_clause_151_a7b8c9d0","Evaluar y controlar los efectos de cambios en procesos, productos, servicios, equipos, instalaciones, tecnología, personal, proveedores, obligaciones de compliance, aspectos ambientales, riesgos u oportunidades.","","6.3.2","A86"
"sga_hola_calidad_requirement_995_1161104d","6_planning","sga_hola_calidad_clause_151_a7b8c9d0","Asegurar que los cambios permitan mantener la capacidad del sistema de gestión ambiental para lograr sus resultados previstos y mitigar efectos adversos cuando sea necesario.","","6.3.3","A87"


"sga_hola_calidad_requirement_999_b22d5e9d","7_support","sga_hola_calidad_clause_132_57550522","Determinar y proporcionar los recursos humanos, financieros, tecnológicos, de infraestructura, conocimiento u otros necesarios para establecer, implementar, mantener y mejorar continuamente el sistema de gestión ambiental.","","7.1.1","A91"

"sga_hola_calidad_requirement_1000_249ac118","7_support","sga_hola_calidad_clause_133_0fdb0e5a","Determinar la competencia necesaria de las personas que realizan trabajos bajo su control y que pueden afectar el desempeño ambiental o el cumplimiento de obligaciones de compliance.","","7.2.1","A94"
"sga_hola_calidad_requirement_1001_19402d0d","7_support","sga_hola_calidad_clause_133_0fdb0e5a","Asegurar que las personas sean competentes mediante educación, formación o experiencia apropiada.","","7.2.2","A95"
"sga_hola_calidad_requirement_1002_585151e8","7_support","sga_hola_calidad_clause_133_0fdb0e5a","Determinar necesidades de formación, tomar acciones para adquirir competencias y evaluar su eficacia.","","7.2.3","A96"
"sga_hola_calidad_requirement_1003_ccba7df5","7_support","sga_hola_calidad_clause_133_0fdb0e5a","Mantener disponible información documentada apropiada como evidencia de la competencia.","","7.2.4","A97"

"sga_hola_calidad_requirement_1005_eb08bbfc","7_support","sga_hola_calidad_clause_134_73f5f9d2","La política ambiental, los aspectos ambientales significativos y los impactos ambientales reales o potenciales relacionados con su trabajo.","","7.3.1","A100"
"sga_hola_calidad_requirement_1006_10446cb4","7_support","sga_hola_calidad_clause_134_73f5f9d2","Su contribución a la eficacia del sistema de gestión ambiental y a la mejora del desempeño ambiental.","","7.3.2","A101"
"sga_hola_calidad_requirement_1007_c8f63bdb","7_support","sga_hola_calidad_clause_134_73f5f9d2","Las implicancias de no cumplir los requisitos del sistema de gestión ambiental y las obligaciones de compliance.","","7.3.3","A102"

"sga_hola_calidad_requirement_1009_52e55301","7_support","sga_hola_calidad_clause_135_86cd5226","Establecer, implementar y mantener procesos para las comunicaciones internas y externas pertinentes al sistema de gestión ambiental.","","7.4.1","A105"
"sga_hola_calidad_requirement_1010_1bdee0e3","7_support","sga_hola_calidad_clause_135_86cd5226","Determinar qué, cuándo, a quién y cómo comunicar, considerando las obligaciones de compliance.","","7.4.2","A106"
"sga_hola_calidad_requirement_1011_1cb2f6a2","7_support","sga_hola_calidad_clause_135_86cd5226","Asegurar que la información ambiental comunicada sea coherente, fiable y que se responda a las comunicaciones pertinentes.","","7.4.3","A107"
"sga_hola_calidad_requirement_1012_7254b3d8","7_support","sga_hola_calidad_clause_135_86cd5226","Mantener disponible información documentada apropiada como evidencia de las comunicaciones.","","7.4.4","A108"
"sga_hola_calidad_requirement_1013_4b67336a","7_support","sga_hola_calidad_clause_135_86cd5226","Comunicar internamente la información pertinente del sistema de gestión ambiental, incluidos los cambios que correspondan.","","7.4.5","A109"
"sga_hola_calidad_requirement_1014_08dcc962","7_support","sga_hola_calidad_clause_135_86cd5226","Asegurar que las comunicaciones permitan que las personas contribuyan a la mejora continua.","","7.4.6","A110"
"sga_hola_calidad_requirement_1015_d3cc901b","7_support","sga_hola_calidad_clause_135_86cd5226","Comunicar externamente información pertinente del sistema de gestión ambiental según sus procesos de comunicación y obligaciones de compliance.","","7.4.7","A111"

"sga_hola_calidad_requirement_1021_75668f4e","7_support","sga_hola_calidad_clause_152_b8c9d0e1","La información documentada requerida por ISO 14001:2026.","","7.5.1","A114"
"sga_hola_calidad_requirement_1022_3424dbe1","7_support","sga_hola_calidad_clause_152_b8c9d0e1","La información documentada que la organización determine necesaria para asegurar la eficacia del sistema de gestión ambiental.","","7.5.2","A115"
"sga_hola_calidad_requirement_1022_3424dbe1","7_support","sga_hola_calidad_clause_152_b8c9d0e1","Identificación y descripción apropiada, incluyendo título, fecha, autor, código u otra referencia aplicable.","","7.5.3","A116"
"sga_hola_calidad_requirement_1022_3424dbe1","7_support","sga_hola_calidad_clause_152_b8c9d0e1","Formato y medio de soporte apropiado.","","7.5.4","A117"
"sga_hola_calidad_requirement_1022_3424dbe1","7_support","sga_hola_calidad_clause_152_b8c9d0e1","Esté disponible, sea adecuada para su uso y esté protegida contra pérdida de confidencialidad, uso inadecuado o pérdida de integridad.","","7.5.5","A118"
"sga_hola_calidad_requirement_1022_3424dbe1","7_support","sga_hola_calidad_clause_152_b8c9d0e1","Se controle su distribución, acceso, recuperación, uso, almacenamiento, preservación, legibilidad, cambios, conservación y disposición.","","7.5.6","A119"
"sga_hola_calidad_requirement_1022_3424dbe1","7_support","sga_hola_calidad_clause_152_b8c9d0e1","La información documentada de origen externo necesaria para la planificación y operación del sistema de gestión ambiental se identifique y controle.","","7.5.7","A120"


"sga_hola_calidad_requirement_1033_868b1115","8_operation","sga_hola_calidad_clause_137_9dfe8373","Establecer, implementar, controlar y mantener los procesos necesarios para cumplir los requisitos del sistema de gestión ambiental e implementar las acciones planificadas.","","8.1.1","A124"
"sga_hola_calidad_requirement_1034_49e5d0e8","8_operation","sga_hola_calidad_clause_137_9dfe8373","Establecer criterios operacionales y controlar los procesos de acuerdo con dichos criterios.","","8.1.2","A125"
"sga_hola_calidad_requirement_1035_cf8ef409","8_operation","sga_hola_calidad_clause_137_9dfe8373","Controlar los cambios planificados y revisar las consecuencias de los cambios no previstos, tomando acciones para mitigar efectos adversos cuando sea necesario.","","8.1.3","A126"
"sga_hola_calidad_requirement_1036_9120f913","8_operation","sga_hola_calidad_clause_137_9dfe8373","Controlar o influir en los procesos, productos y servicios suministrados externamente que sean pertinentes para los resultados previstos del sistema de gestión ambiental.","","8.1.4","A127"
"sga_hola_calidad_requirement_1037_e2298c6d","8_operation","sga_hola_calidad_clause_137_9dfe8373","Determinar y comunicar requisitos ambientales aplicables a compras, proveedores externos y contratistas.","","8.1.5","A128"
"sga_hola_calidad_requirement_1038_5111499a","8_operation","sga_hola_calidad_clause_137_9dfe8373","Considerar el ciclo de vida, incluyendo requisitos ambientales en diseño y desarrollo, transporte, entrega, uso, tratamiento al finalizar la vida útil y disposición final, cuando corresponda.","","8.1.6","A129"
"sga_hola_calidad_requirement_1039_a97cde2b","8_operation","sga_hola_calidad_clause_137_9dfe8373","Mantener disponible la información documentada necesaria para demostrar que los procesos se realizan según lo planificado.","","8.1.7","A130"


"sga_hola_calidad_requirement_1042_b840198b","8_operation","sga_hola_calidad_clause_138_18b81015","Establecer, implementar y mantener procesos para prepararse y responder ante situaciones de emergencia potenciales identificadas.","","8.2.1","A133"
"sga_hola_calidad_requirement_1043_22f67271","8_operation","sga_hola_calidad_clause_138_18b81015","Planificar acciones para prevenir o mitigar impactos ambientales adversos, responder ante emergencias reales y controlar sus consecuencias.","","8.2.2","A134"
"sga_hola_calidad_requirement_1044_477a76a9","8_operation","sga_hola_calidad_clause_138_18b81015","Poner a prueba, revisar y actualizar periódicamente las acciones de respuesta, especialmente después de emergencias o simulacros.","","8.2.3","A135"
"sga_hola_calidad_requirement_1045_61e42924","8_operation","sga_hola_calidad_clause_138_18b81015","Proporcionar información y formación pertinente sobre preparación y respuesta ante emergencias a las personas bajo su control y a las partes interesadas pertinentes, cuando corresponda.","","8.2.4","A136"
"sga_hola_calidad_requirement_1046_a31d6c6a","8_operation","sga_hola_calidad_clause_138_18b81015","Mantener disponible la información documentada necesaria sobre los procesos de preparación y respuesta ante emergencias.","","8.2.5","A137"



"sga_hola_calidad_requirement_1049_530358a6","9_evaluation","sga_hola_calidad_clause_155_e1f2a3b4","Evaluar su desempeño ambiental y la eficacia del sistema de gestión ambiental.","","9.1.1.1","A142"
"sga_hola_calidad_requirement_1050_d758ea6b","9_evaluation","sga_hola_calidad_clause_155_e1f2a3b4","Determinar qué necesita seguimiento, medición y análisis, así como los métodos necesarios para obtener resultados válidos.","","9.1.1.2","A143"
"sga_hola_calidad_requirement_1051_64f57340","9_evaluation","sga_hola_calidad_clause_155_e1f2a3b4","Definir criterios, indicadores y frecuencias para el seguimiento, medición, análisis y evaluación del desempeño ambiental.","","9.1.1.3","A144"
"sga_hola_calidad_requirement_1052_1dda8089","9_evaluation","sga_hola_calidad_clause_155_e1f2a3b4","Asegurar que los equipos de seguimiento y medición estén calibrados o verificados, cuando corresponda.","","9.1.1.4","A145"
"sga_hola_calidad_requirement_1053_1034fd7c","9_evaluation","sga_hola_calidad_clause_155_e1f2a3b4","Comunicar el desempeño ambiental según sus procesos de comunicación y obligaciones de compliance.","","9.1.1.5","A146"
"sga_hola_calidad_requirement_1054_db1ecee4","9_evaluation","sga_hola_calidad_clause_155_e1f2a3b4","Mantener disponible información documentada apropiada como evidencia de los resultados de seguimiento, medición, análisis y evaluación.","","9.1.1.6","A147"


"sga_hola_calidad_requirement_1058_e4c2d116","9_evaluation","sga_hola_calidad_clause_155_e1f2a3b4","Establecer, implementar y mantener procesos para evaluar periódicamente el cumplimiento de las obligaciones de compliance.","","9.1.2.1","A150"
"sga_hola_calidad_requirement_1059_8820d844","9_evaluation","sga_hola_calidad_clause_155_e1f2a3b4","Determinar la frecuencia de evaluación, evaluar el cumplimiento y tomar acciones cuando se identifiquen brechas o incumplimientos.","","9.1.2.2","A151"
"sga_hola_calidad_requirement_1060_5fe266f5","9_evaluation","sga_hola_calidad_clause_155_e1f2a3b4","Mantener conocimiento de su estado de cumplimiento y disponer de información documentada como evidencia de la evaluación.","","9.1.2.3","A152"


"sga_hola_calidad_requirement_1062_5bcec216","9_evaluation","sga_hola_calidad_clause_140_ed19016b","Es conforme con los requisitos propios de la organización y con ISO 14001:2026.","","9.2.1.1","A156"
"sga_hola_calidad_requirement_1063_b33cfd22","9_evaluation","sga_hola_calidad_clause_140_ed19016b","Se implementa y mantiene eficazmente.","","9.2.1.2","A157"

"sga_hola_calidad_requirement_1065_0a2abb81","9_evaluation","sga_hola_calidad_clause_140_ed19016b","Establecer, implementar y mantener uno o varios programas de auditoría interna que incluyan frecuencia, métodos, responsabilidades, planificación e informes.","","9.2.2.1","A160"
"sga_hola_calidad_requirement_1066_5be51958","9_evaluation","sga_hola_calidad_clause_140_ed19016b","Considerar la importancia ambiental de los procesos, cambios que afectan a la organización y resultados de auditorías previas.","","9.2.2.2","A161"
"sga_hola_calidad_requirement_1067_f4f5e74c","9_evaluation","sga_hola_calidad_clause_140_ed19016b","Definir objetivos, criterios y alcance de cada auditoría.","","9.2.2.3","A162"
"sga_hola_calidad_requirement_1068_136db428","9_evaluation","sga_hola_calidad_clause_140_ed19016b","Seleccionar auditores y realizar auditorías asegurando objetividad e imparcialidad.","","9.2.2.4","A163"
"sga_hola_calidad_requirement_1069_50aeeb93","9_evaluation","sga_hola_calidad_clause_140_ed19016b","Comunicar los resultados a las personas pertinentes de la dirección y mantener disponible la información documentada del programa, su implementación y resultados.","","9.2.2.5","A164"

"sga_hola_calidad_requirement_1071_903386c3","9_evaluation","sga_hola_calidad_clause_141_e35738b1","Revisar el sistema de gestión ambiental a intervalos planificados para asegurar su conveniencia, adecuación y eficacia continuas.","","9.3.1.1","A168"
"sga_hola_calidad_requirement_1072_46c4fbd3","9_evaluation","sga_hola_calidad_clause_141_e35738b1","El estado de acciones de revisiones previas y los cambios en contexto, partes interesadas, obligaciones de compliance, aspectos significativos, riesgos y oportunidades.","","9.3.2.1","A171"
"sga_hola_calidad_requirement_1072_46c4fbd3","9_evaluation","sga_hola_calidad_clause_141_e35738b1","El grado de logro de objetivos ambientales y la información sobre desempeño ambiental.","","9.3.2.2","A172"
"sga_hola_calidad_requirement_1072_46c4fbd3","9_evaluation","sga_hola_calidad_clause_141_e35738b1","Tendencias de no conformidades, acciones correctivas, seguimiento y medición, cumplimiento de obligaciones de compliance y resultados de auditorías.","","9.3.2.3","A173"
"sga_hola_calidad_requirement_1072_46c4fbd3","9_evaluation","sga_hola_calidad_clause_141_e35738b1","La adecuación de recursos, comunicaciones de partes interesadas, quejas y oportunidades de mejora continua.","","9.3.2.4","A174"

"sga_hola_calidad_requirement_1073_7ea696f0","9_evaluation","sga_hola_calidad_clause_141_e35738b1","Conclusiones sobre la conveniencia, adecuación y eficacia continuas del sistema de gestión ambiental.","","9.3.3.1","A177"
"sga_hola_calidad_requirement_1074_35de72c6","9_evaluation","sga_hola_calidad_clause_141_e35738b1","Decisiones sobre oportunidades de mejora, necesidades de cambios, recursos y acciones cuando no se hayan logrado los objetivos ambientales.","","9.3.3.2","A178"
"sga_hola_calidad_requirement_1075_ad835af5","9_evaluation","sga_hola_calidad_clause_141_e35738b1","Oportunidades para mejorar la integración del sistema de gestión ambiental en otros procesos de negocio e implicaciones para la dirección estratégica.","","9.3.3.3","A179"
"sga_hola_calidad_requirement_1076_a416f438","9_evaluation","sga_hola_calidad_clause_141_e35738b1","Información documentada como evidencia de los resultados de la revisión por la dirección.","","9.3.3.4","A180"


"sga_hola_calidad_requirement_1092_94027fdb","10_improvement","sga_hola_calidad_clause_142_af1f3836","Mejorar continuamente la conveniencia, adecuación y eficacia del sistema de gestión ambiental para mejorar el desempeño ambiental.","","10.1.1","A184"
"sga_hola_calidad_requirement_1092_94027fdb","10_improvement","sga_hola_calidad_clause_142_af1f3836","Determinar oportunidades de mejora e implementar las acciones necesarias para lograr los resultados previstos del sistema de gestión ambiental.","","10.1.2","A185"

"sga_hola_calidad_requirement_1093_9ff54ac9","10_improvement","sga_hola_calidad_clause_143_87db943c","Reaccionar ante la no conformidad, controlarla y corregirla, cuando sea aplicable.","","10.2.1","A254"
"sga_hola_calidad_requirement_1094_8337197c","10_improvement","sga_hola_calidad_clause_143_87db943c","Abordar sus consecuencias, incluida la mitigación de impactos ambientales adversos cuando corresponda.","","10.2.2","A255"
"sga_hola_calidad_requirement_1095_60cfc897","10_improvement","sga_hola_calidad_clause_143_87db943c","Determinar y eliminar las causas de la no conformidad para evitar que vuelva a ocurrir o que ocurra en otra parte.","","10.2.3","A256"
"sga_hola_calidad_requirement_1096_4a5eb7c9","10_improvement","sga_hola_calidad_clause_143_87db943c","Implementar las acciones necesarias, revisar su eficacia y realizar cambios al sistema de gestión ambiental cuando sea necesario.Mediante la revisión de la no conformidad","","10.2.4","A191"
"sga_hola_calidad_requirement_1097_55845440","10_improvement","sga_hola_calidad_clause_143_87db943c","Asegurar que las acciones correctivas sean proporcionales a la significancia de los efectos de la no conformidad, incluidos los impactos ambientales.","","10.2.5","A192"
"sga_hola_calidad_requirement_1098_aa864b60","10_improvement","sga_hola_calidad_clause_143_87db943c","Mantener disponible información documentada sobre la no conformidad, las acciones tomadas y los resultados de las acciones correctivas.","","10.2.6","A193"

